"English","Suggested Translations 1","Suggested translation 2","Suggested translation 2"
"About","ಕುರಿತು","ಕುರಿತು",
"Accessibility","ನಿಲುಕಣೆ","ನಿಲುಕು",
"Accessories","ಸಲಕರಣೆಗಳು","ಉಪಕರಣಗಳು",
"Accounts","ಖಾತೆಗಳು","ಖಾತೆಗಳು",
"Administration","ನಿರ್ವಹಣೆ","ನಿರ್ವಹಣೆ",
"Alignment","ಹೊಂದಾಣಿಕೆ","ಹೊಂದಿಕೆ",
"Anchor","ಲಂಗರು","ನೆಲೆಗೊಳಿಸು",
"Applications","ಅನ್ವಯಿಕಗಳು","ಅನ್ವಯಗಳು",
"Apply Filters","ಫಿಲ್ಟರುಗಳನ್ನು ಅಳವಡಿಸು","ಸೋಸುಕಗಳನ್ನು ಅನ್ವಯಿಸು",
"Area","ಪ್ರದೇಶ","ಸ್ಥಳ",
"Arrange","ಜೋಡಿಸು","ಕ್ರಮ",
"Authentication","ದೃಢೀಕರಣ"," ದೃಢೀಕರಣ",
"AutoCorrect","ಸ್ವಯಂತಿದ್ದುಪಡಿ","ಸ್ವಯಂತಿದ್ದುಪಡಿ",
"Autofit","ಸ್ವಯಂಹೊಂದಿಕೆ","ಸ್ವಯಂಹೊಂದಿಕೆ",
"AutoFormat","ಸ್ವಯಂರೂಪ","ಸ್ವಯಂವಿನ್ಯಾಸ",
"AutoText","ಸ್ವಯಂಪಠ್ಯ","ಸ್ವಯಂಪಠ್ಯ",
"Back","ಹಿಂದಕ್ಕೆ","ಹಿಂದಕ್ಕೆ",
"Bookmark","ಬುಕ್‌ಮಾರ್ಕ್","ಪುಟಗುರುತು",
"Boundaries","ಸೀಮಾರೇಖೆಗಳು","ಎಲ್ಲೆಗಳು",
"Buddies","ಗೆಳೆಯರು","ಗೆಳೆಯರು",
"Calculate","ಲೆಕ್ಕಹಾಕು","ಲೆಕ್ಕಹಾಕು",
"Calculator","ಕ್ಯಾಲ್ಕುಲೇಟರ್","ಗುಣಕ",
"Calender","ಕ್ಯಾಲೆಂಡರ್","ದಿನಸೂಚಿ",
"Cancel","ರದ್ದುಗೊಳಿಸು","ರದ್ದು",
"Caption","ಶೀರ್ಷಿಕೆ","ಶೀರ್ಷಿಕೆ",
"Cells","ಕೋಶಗಳು","ಕೋಶಗಳು",
"Changes","ಬದಲಾವಣೆಗಳು","ಬದಲಾವಣೆಗಳು, ಮಾರ್ಪಾಡುಗಳು",
"Character","ಅಕ್ಷರ","ಅಕ್ಷರ",
"Chart","ನಕ್ಷೆ","ನಕ್ಷೆ",
"Clear","ತೆರವುಗೊಳಿಸು","ತೆರವು",
"Close","ಮುಚ್ಚು","ಮುಚ್ಚು",
"Column","ಲಂಬಸಾಲು","ಉದ್ದಸಾಲು",
"Computer","ಗಣಕ","ಗಣಕ",
"Consolidate","ಕ್ರೋಢೀಕರಿಸು","ಕ್ರೋಡೀಕರಿಸು",
"Contact","ಸಂಪರ್ಕವಿಳಾಸ","ಸಂಪರ್ಕ",
"Contents","ಒಳ ಅಂಶಗಳು","ಒಳಪಿಡಿ",
"Control","ನಿಯಂತ್ರಣ","ನಿಯಂತ್ರಣ",
"Convert","ಪರಿವರ್ತಿಸು","ಪರಿವರ್ತಿಸು",
"Copy","ಕಾಪಿ ಮಾಡು","ಪ್ರತಿಮಾಡು",
"Create","ಸೃಷ್ಟಿಸು","ರಚಿಸು",
"Customize","ಇಚ್ಛೆಗೆ ತಕ್ಕಂತೆ ಬದಲಾಯಿಸು","ಅಗತ್ಯಾನುಗುಣ",
"Cut","ಕತ್ತರಿಸು","ಕತ್ತರಿಸು",
"DataPilot","ಡೇಟಾಪೈಲಟ್","ದತ್ತಮಾದರಿ",
"Day","ದಿನ","ದಿನ",
"Delete","ಅಳಿಸು","ಅಳಿಸು",
"Desktop","ಗಣಕತೆರೆ","ಗಣಕತೆರೆ (ಡೆಸ್ಕ್‍ಟಾಪ್)",
"Detective","ಪತ್ತೆದಾರಿ","ಪತ್ತೆ",
"Dictionary","ಶಬ್ಧಕೋಶ","ನಿಘಂಟು",
"Display","ಪ್ರದರ್ಶಕ, ಪ್ರದರ್ಶಿಸು","ಪ್ರದರ್ಶನ",
"Documentations","ದಸ್ತಾವೇಜೀಕರಣಗಳು","ದಸ್ತಾವೇಜಿಕರಣ",
"Documents","ದಸ್ತಾವೇಜುಗಳು","ದಸ್ತಾವೇಜುಗಳು",
"Downloads","ನಕಲಿಳಿಕೆಗಳು","ಇಳಿಕೆಗಳು",
"Drafts","ಡ್ರಾಫ್ಟುಗಳು, ಕರಡುಪ್ರತಿಗಳು","ಕರಡು",
"Duplicate","ನಕಲುಪ್ರತಿ","ನಕಲು",
"Edit","ಸಂಪಾದಿಸು","ಸಂಪಾದಿಸು",
"Envelope","ಲಕೋಟೆ","ಲಕೋಟೆ",
"Exit","ನಿರ್ಗಮಿಸು, ನಿರ್ಗಮನ","ಹೊರಗೆ",
"Export","ರಫ್ತು, ರಫ್ತುಮಾಡು","ರಫ್ತು",
"Expunge","ಒರೆಸಿಹಾಕು","ತೆಗೆದುಹಾಕು",
"Extensions","ವಿಸ್ತರಣೆಗಳು","ವಿಸ್ತರಣೆಗಳು",
"Eyedropper","ಐಡ್ರಾಪರ್","ಪಿಚಕಾರಿ",
"Fields","ಕ್ಷೇತ್ರಗಳು","ಕ್ಷೇತ್ರಗಳು",
"File","ಕಡತ","ಕಡತ",
"Fill","ತುಂಬಿಸು","ತುಂಬಿಸು",
"Filter","ಸೋಸುಗ","ಸೋಸುಕ",
"Find","ಹುಡುಕು","ಹುಡುಕು",
"Flip","ಹೊರಳಿಸು","ಹೊರಳಿಸು",
"Folder","ಕಡತಕೋಶ","ಕಡತಕೋಶ",
"Fonts","ಅಕ್ಷರಶೈಲಿಗಳು","ಅಕ್ಷರಶೈಲಿಗಳು",
"Footer","ಅಡಿಲೇಖ","ಅಡಿಬರಹ",
"Footnotes","ಅಡಿಟಿಪ್ಪಣಿಗಳು","ಅಡಿಟಿಪ್ಪಣಿ",
"Form","ನಮೂನೆ","ನಮೂನೆ",
"Format","ಫಾರ್ಮಾಟ್, ಮಾದರಿ","ವಿನ್ಯಾಸ",
"Formula","ಸೂತ್ರ","ಸೂತ್ರ",
"Forward","ಫಾರ್ವಾರ್ಡ್, ಮುಂದಕ್ಕೆ","ಮುಂದೆ ಕಳಿಸು",
"Frame","ಚೌಕಟ್ಟು","ಚೌಕಟ್ಟು",
"Freeze","ಅಲುಗಾಡದಿರು","ಸ್ಥಗಿತಗೊಳಿಸು , ತಡೆಹಿಡಿ",
"Full Screen","ಪೂರ್ಣ ತೆರೆ","ಪೂರ್ಣತೆರೆ",
"Function","ಕಾರ್ಯಭಾರ","ಕಾರ್ಯಭಾರ",
"Gallery","ಸಂಗ್ರಹ","ಸಂಗ್ರಹ",
"Graphics","ಗ್ರಾಫಿಕ್ಸ್","ಚಿತ್ರ ಸಂಬಂಧಿ",
"Grid","ಚೌಕಜಾಲ","ಹೆಣಿಗೆ",
"Group","ಗುಂಪು","ಗುಂಪು",
"Guides","ಮಾರ್ಗದರ್ಶಿಗಳು","ಮಾರ್ಗದರ್ಶಿಗಳು",
"Header","ಶಿರೋಲೇಖ","ತಲೆಬರಹ",
"Help","ನೆರವು","ನೆರವು",
"Hibernate","ಹೈಬರ್ನೇಟ್","ನೆನಪಿನೊಡನೆ ಮುಚ್ಚು",
"History","ಇತಿಹಾಸ","ಇತಿಹಾಸ",
"Home","ನೆಲೆ","ಮುಖಪುಟ",
"Hyperlink","ವಿಸ್ತೃತ ಸಂಪರ್ಕಕೊಂಡಿ, ಹೈಪರ್ಲಿಂಕ್","ಸಂಪರ್ಕಕೊಂಡಿ",
"ImageMap","ಚಿತ್ರನಕ್ಷೆ","ಚಿತ್ರನಕ್ಷೆ",
"Import","ಆಮದು, ಆಮದು ಮಾಡಿಕೊ","ಆಮದು",
"Inbox","ಒಳಪೆಟ್ಟಿಗೆ","ಒಳಪೆಟ್ಟಿಗೆ",
"Input Method","ಇನ್‌ಪುಟ್ ವಿಧಾನ","ಊಡಿಕೆ ವಿಧಾನ",
"Insert","ಸೇರಿಸು","ಸೇರಿಸು/ಅಳವಡಿಸು",
"Interaction","ಸಂವಹನ","ಪ್ರತಿಸ್ಪಂದನೆ",
"Internet","ಅಂತರಜಾಲ","ಅಂತರಜಾಲ",
"Junk","ರದ್ದಿ","ಕಸ",
"Keyboard","ಕೀಲಿಮಣೆ","ಕೀಲಿಮಣೆ",
"Language","ಭಾಷೆ","ಭಾಷೆ",
"Launch","ಪ್ರಾರಂಭಿಸು","ಪ್ರಾರಂಭಿಸು",
"Layout","ರೂಪರೇಖೆ","ವಿನ್ಯಾಸ",
"Line","ಸಾಲು, ರೇಖೆ","ಸಾಲು, ಗೆರೆ",
"Links","ಸಂಪರ್ಕ ಕೊಂಡಿಗಳು","ಕೊಂಡಿಗಳು",
"List","ಪಟ್ಟಿ","ಪಟ್ಟಿ",
"Macros","ಮ್ಯಾಕ್ರೊಗಳು","ಮ್ಯಾಕ್ರೋ ಅನ್ವಯ",
"Master","ಪ್ರಧಾನ","ಪ್ರಧಾನ",
"Message","ಸಂದೇಶ","ಸಂದೇಶ",
"Month","ತಿಂಗಳು","ತಿಂಗಳು",
"Mouse","ಮೌಸ್","ಮೌಸ್‌",
"Move","ಜರುಗಿಸು","ಜರುಗಿಸು",
"Names","ಹೆಸರುಗಳು","ಹೆಸರುಗಳು",
"Navigator","ನಾವಿಕ","ಪಥ ನಿರ್ದೇಶಕ",
"Network","ಜಾಲಬಂಧ","ಜಾಲಬಂಧ",
"New","ಹೊಸ","ಹೊಸ",
"Next","ಮುಂದಿನ","ಮುಂದಿನ",
"Normal","ಸಾಮಾನ್ಯ","ಸಾಮಾನ್ಯ",
"Note","ಸೂಚನೆ","ಟಿಪ್ಪಣಿ",
"Object","ವಸ್ತು","ವಸ್ತು",
"Office","ಕಛೇರಿ","ಕಛೇರಿ",
"Open","ತೆರೆ","ತೆರೆ",
"Options","ಆಯ್ಕೆಗಳು","ಆಯ್ಕೆಗಳು",
"Outbox","ಹೊರಪೆಟ್ಟಿಗೆ","ಹೊರಪೆಟ್ಟಿಗೆ",
"Outline","ಹೊರರೇಖೆ","ಹೊರಗೆರೆ",
"Page","ಪುಟ","ಪುಟ",
"Paragraph","ಪ್ಯಾರಾಗ್ರಾಫ್","ವಾಕ್ಯವೃಂದ",
"Password","ಗುಪ್ತಪದ, ಪ್ರವೇಶಪದ","ದಾಟುಪದ",
"Paste","ಅಂಟಿಸು","ಅಂಟಿಸು",
"Permissions","ಅನುಮತಿಗಳು","ಅನುಮತಿಗಳು",
"Personal","ವೈಯಕ್ತಿಕ","ವೈಯಕ್ತಿಕ",
"Picture","ಚಿತ್ರ","ಚಿತ್ರ",
"Places","ಸ್ಥಳಗಳು","ಸ್ಥಳಗಳು",
"Plug-in","ಪ್ಲಗ್-ಇನ್","ಪ್ಲಗ್-ಇನ್",
"Points","ಬಿಂದುಗಳು","ಚುಕ್ಕೆಗಳು",
"Preferences","ಆದ್ಯತೆಗಳು","ಆದ್ಯತೆಗಳು",
"Presentation","ಪ್ರಸ್ತುತಿ","ಮಂಡನೆ",
"preview","ಮುನ್ನೋಟ","ಮುನ್ನೋಟ",
"Previous","ಹಿಂದಿನ","ಹಿಂದಿನ",
"Print ","ಮುದ್ರಿಸು ","ಮುದ್ರಿಸು",
"Printing","ಮುದ್ರಣ","ಮುದ್ರಣ",
"Privacy","ಗೌಪ್ಯತೆ","ಖಾಸಗಿ",
"Profiles","ಪ್ರೊಫೈಲುಗಳು","ಪರಿಚೆ?",
"Programming","ಪ್ರೊಗ್ರಾಮಿಂಗ್","ಕ್ರಮವಿಧಿ",
"Properties","ಗುಣಗಳು","ಗುಣಗಳು",
"Protect Cell","ಕೋಶವನ್ನು ಸಂರಕ್ಷಿಸು","ಕೋಶವನ್ನು ಸಂರಕ್ಷಿಸು",
"Purge","ತೊಲಗಿಸು","ಶಾಶ್ವತ ಅಳಿಸು",
"Quit","ತ್ಯಜಿಸು","ಹೊರಗೆ",
"Redo","ಪುನಃ ಮಾಡು","ಮತ್ತೆ ಮಾಡು",
"Registration","ನೋಂದಣಿ","ನೋಂದಣಿ",
"Reload","ಮರಳಿ ಲೋಡ್‌ ಮಾಡು, ಮರಳಿ ತುಂಬಿಸು","ಮರಳಿ ತುಂಬು",
"Rename","ಹೆಸರು ಬದಲಿಸು","ಮರುಹೆಸರಿಸು",
"Repeat","ಪುನರಾವರ್ತಿಸು","ಪುನರಾವರ್ತಿಸು",
"Replace","ಬದಲಿಸು","ಬದಲಿಸು",
"Reset","ಮರುಹೊಂದಿಸು","ಮರುಹೊಂದಿಸು",
"Restart","ಮರಳಿ ಆರಂಭಿಸು","ಪುನರಾರಂಭ",
"Revert","ಹಿಮ್ಮರಳಿಸು","ಹಿಮ್ಮರಳು",
"Row","ಅಡ್ಡಸಾಲು","ಅಡ್ಡಸಾಲು",
"Ruler","ಗೆರೆಪಟ್ಟಿ","ಗೆರೆಪಟ್ಟಿ",
"Save","ಉಳಿಸು","ಉಳಿಸು",
"Scenarios","ಸನ್ನಿವೇಶಗಳು","ದೃಶ್ಯವಿವರ",
"Screensaver","ಪರದೆರಕ್ಷಕ","ರಕ್ಷಣಾತೆರೆ",
"Script","ಸ್ಕ್ರಿಪ್ಟು","ಆದೇಶಗುಚ್ಛ",
"Search","ಹುಡುಕು","ಹುಡುಕು",
"Section","ವಿಭಾಗ","ವಿಭಾಗ",
"Select","ಆರಿಸು","ಆರಿಸು",
"Send","ಕಳುಹಿಸು","ಕಳುಹಿಸು",
"Sent","ಕಳುಹಿಸಲಾಗಿದೆ","ಕಳುಹಿಸಲಾಗಿದೆ",
"Services","ಸೇವೆಗಳು","ಸೇವೆಗಳು",
"Sessions","ಅಧಿವೇಶನಗಳು","ಅಧಿವೇಶನಗಳು",
"Sheet","ಹಾಳೆ","ಹಾಳೆ",
"Show","ತೋರಿಸು","ತೋರಿಸು",
"Sidebar","ಬದಿಪಟ್ಟಿ","ಬದಿಪಟ್ಟಿ",
"Slide","ಜಾರಿಸು","ಜಾರುಫಲಕ",
"Sort","ವರ್ಗೀಕರಿಸು","ವಿಂಗಡಿಸು",
"Spellcheck","ಕಾಗುಣಿತಪರೀಕ್ಷೆ","ಪದಪರೀಕ್ಷೆ",
"Split","ವಿಭಜಿಸು","ವಿಭಜಿಸು",
"Spreadsheet","ಸ್ಪ್ರೆಡ್‌ಶೀಟ್","ಸ್ಪ್ರೆಡ್‌ಶೀಟ್",
"Statusbar","ಸ್ಥಿತಿಪಟ್ಟಿ","ಸ್ಥಿತಿಪಟ್ಟಿ",
"Stop","ನಿಲ್ಲಿಸು","ನಿಲ್ಲಿಸು",
"Subscriptions","ಚಂದಾದಾರಿಕೆಗಳು","ಚಂದಾಗಳು",
"Subtotals","ಉಪಮೊತ್ತಗಳು","ಉಪಮೊತ್ತಗಳು",
"Summary","ಸಾರಾಂಶ","ಸಾರಾಂಶ",
"Support","ಬೆಂಬಲ","ಬೆಂಬಲ",
"Suspend","ಕೆಲಕಾಲ ಜಡವಾಗಿಸು","ಅಮಾನತುಗೊಳಿಸು",
"System","ವ್ಯವಸ್ಥೆ","ವ್ಯವಸ್ಥೆ",
"Table","ಕೋಷ್ಟಕ","ಕೋಷ್ಟಕ",
"Tasks","ಕಾರ್ಯಗಳು","ಕಾರ್ಯಗಳು",
"Templates","ಸಿದ್ಧಮಾದರಿಗಳು","ಸಿದ್ಧಮಾದರಿಗಳು",
"Terminal","ಟರ್ಮಿನಲ್","ಆದೇಶತೆರೆ",
"Text","ಪಠ್ಯ","ಪಠ್ಯ",
"Themes","ತೀಮ್‌ಗಳು","ಆಶಯಗಳು",
"Toolbars","ಉಪಕರಣಪಟ್ಟಿಗಳು","ಉಪಕರಣಪಟ್ಟಿಗಳು",
"Tools","ಉಪಕರಣಗಳು","ಉಪಕರಣಗಳು",
"Trash","ಕಸದ ಬುಟ್ಟಿ","ಕಸದ ಬುಟ್ಟಿ",
"Type","ಬಗೆ","ಬಗೆ",
"Undo","ರದ್ದುಮಾಡು","ರದ್ದುಮಾಡು",
"Unmatched","ಹೊಂದಿಕೆಯಾಗದಿರುವ","ಹೊಂದಿಕೆಯಾಗದ",
"Untitled","ಶೀರ್ಷಿಕೆ ಇಲ್ಲದ","ತಲೆಬರಹವಿಲ್ಲದ",
"Update","ಅಪ್‌ಡೇಟ್","ಇತ್ತೇದಿಸು",
"Validity","ಸಿಂಧುತ್ವ","ಊರ್ಜಿತತೆ",
"Versions","ಆವೃತ್ತಿಗಳು","ಆವೃತ್ತಿಗಳು",
"View","ನೋಟ","ನೋಟ",
"Week","ವಾರ","ವಾರ",
"Window","ವಿಂಡೊ","ಕಿಟಕಿ",
"Wizards","ಗಾರುಡಿಗಳು","ಪರಿಣತ",
"Wrap","ಆವರಿಕೆ","ಹರಿವು",
"Zoom","ಗಾತ್ರ ಬದಲಾವಣೆ","ಹಿಗ್ಗಿಸು",
"About GNOME","GNOME ಕುರಿತು","ಜಿನೋಮ್ (ಗ್ನೋಮ್) ಬಗ್ಗೆ",
"About Me","ನನ್ನ ಕುರಿತು","ನನ್ನ ಬಗ್ಗೆ",
"About Mozilla Firefox","ಮೋಜಿಲ್ಲಾ ಫೈರ್ಫಾಕ್ಸ್ ಕುರಿತು","ಮೋಜಿಲ್ಲಾ ಫೈರ್ಫಾಕ್ಸ್ ಬಗ್ಗೆ",
"About Panels","ಪ್ಯಾನಲ್ಲುಗಳ ಕುರಿತು","ಪಟ್ಟಿಗಳ ಬಗ್ಗೆ",
"Add Bookmark","ಪುಟಗುರುತನ್ನು ಸೇರಿಸು","ಪುಟಗುರುತನ್ನು ಸೇರಿಸು",
"Add Buddy","ಗೆಳೆಯನನ್ನು ಸೇರಿಸು","ಗೆಳೆಯರನ್ನು ಸೇರಿಸು",
"Add Chat","ಹರಟೆಯನ್ನು ಸೇರಿಸು","ಹರಟೆ'-ಸೇರಿಸು",
"Add Group","ಗುಂಪನ್ನು ಸೇರಿಸು","ಗುಂಪು'-ಸೇರಿಸು",
"Add/Edit","ಸೇರಿಸು/ಸಂಪಾದಿಸು","ಸೇರಿಸು/ಸಂಪಾದಿಸು",
"Address Book","ವಿಳಾಸ ಪುಸ್ತಕ","ವಿಳಾಸ ಪುಸ್ತಕ",
"Advanced Search","ಸುಧಾರಿತ ಹುಡುಕಾಟ","ಸುಧಾರಿತ ಹುಡುಕಾಟ",
"Animated Image","ಚಲಿಸುವ ಚಿತ್ರ","ಸಂಚಲನ ಚಿತ್ರ",
"Any Category","ಯಾವುದೆ ವರ್ಗ","ಯಾವುದೇ ವರ್ಗ",
"Archive Manager","ಪತ್ರಾಗಾರ ವ್ಯವಸ್ಥಾಪಕ","ಸಂಗ್ರಹ ವ್ಯವಸ್ಥಾಪಕ",
"Arrange Items","ಅಂಶಗಳನ್ನು ಜೋಡಿಸು","ವಸ್ತುಗಳನ್ನು ಕ್ರಮಗೊಳಿಸು",
"Assign Task","ಕೆಲಸವನ್ನು ನಿಯೋಜಿಸು","ಕಾರ್ಯವನ್ನು ನಿಯೋಜಿಸು",
"Autocheck Spelling","ಕಾಗುಣಿತವನ್ನು ಸ್ವಯಂಪರೀಕ್ಷಿಸು","ಸ್ವಯಂ ಪದಪರೀಕ್ಷೆ",
"Bibliography Database","ಗ್ರಂಥಸೂಚಿ ದತ್ತಸಂಚಯ","ಗ್ರಂಥಸೂಚಿ ದತ್ತಸಂಚಯ",
"Bibliography Entry","ಗ್ರಂಥಸೂಚಿ ನಮೂದು","ಗ್ರಂಥಸೂಚಿ ನಮೂದು",
"Bottom Pane","ಕೆಳಗಿನ ಫಲಕ","ಕೆಳ ಪಟ್ಟಿ",
"Browse Folders","ಕಡತಕೋಶಗಳತ್ತ ಕಣ್ಣಾಡಿಸು","ಕಡತಕೋಶಗಳನ್ನು ವೀಕ್ಷಿಸು",
"Buddy Pounces","ಗೆಳೆಯನ ಮೇಲೆರೆಗುವಿಕೆ","ಗೆಳೆಯರ ಸಂಪರ್ಕ ಸೂಚನೆ",
"By Company","ಕಂಪನಿಯ ಆಧಾರದಿಂದ","ಸಂಸ್ಥೆಯ ಕ್ರಮದಲ್ಲಿ",
"Can't Restore","ಮರಳಿ ಸ್ಥಾಪಿಸಲು ಸಾಧ್ಯವಿಲ್ಲ","ಮರುಸ್ಥಾಪನೆ ಸಾಧ್ಯವಿಲ್ಲ",
"Can't Undo","ರದ್ದು ಮಾಡಲು ಸಾಧ್ಯವಿಲ್ಲ","ರದ್ದತಿ ಸಾಧ್ಯವಿಲ್ಲ",
"Caret Mode","ಕ್ಯಾರಟ್ ಕ್ರಮ","ಕ್ಯಾರಟ್ ಗುರುತಿನ ಸ್ಥಿತಿ",
"CD Player","CD ಚಾಲಕ","ಸಿ. ಡಿ. ಚಾಲಕ",
"Cell Contents","ಕೋಶದಲ್ಲಿನ ವಿಷಯಗಳು","ಕೋಶದ ಒಳಪಿಡಿ",
"Change Case","ಕೇಸನ್ನು ಬದಲಾಯಿಸು","ದೊಡ್ಡ/ಸಣ್ಣ ಅಕ್ಷರ",
"Change Language","ಭಾಷೆಯನ್ನು ಬದಲಾಯಿಸು","ಭಾಷೆಯನ್ನು ಬದಲಾಯಿಸು",
"Change Profile","ಪ್ರೊಫೈಲನ್ನು ಬದಲಾಯಿಸು","ಪರಿಚೆಯನ್ನು ಬದಲಾಯಿಸು",
"Change Session","ಅಧಿವೇಶನವನ್ನು ಬದಲಾಯಿಸು","ಅಧಿವೇಶನವನ್ನು ಬದಲಾಯಿಸು",
"Character Encoding","ಕ್ಯಾರೆಕ್ಟರ್ ಎನ್ಕೋಡಿಂಗ್","ಅಕ್ಷರ ಸಂಕೇತ ವ್ಯವಸ್ಥೆ",
"Character Map","ಅಕ್ಷರ ನಕ್ಷೆ","ಅಕ್ಷರ ನಕ್ಷೆ",
"Check Spelling","ಕಾಗುಣಿತವನ್ನು ಪರೀಕ್ಷಿಸು","ಪದಪರೀಕ್ಷಣೆ",
"Clear Highlight","ಹೈಲೈಟ್ ಅನ್ನು ತೆರವುಗೊಳಿಸು","ಬೆಳಗಿಸಿರುವುದನ್ನು ತೆರವುಗೊಳಿಸು",
"Clear Private Data","ಖಾಸಗಿ ದತ್ತಾಂಶವನ್ನು ತೆರವುಗೊಳಿಸು","ಖಾಸಗಿ ದತ್ತಾಂಶವನ್ನು ಅಳಿಸು",
"Close All","ಎಲ್ಲವನ್ನೂ ಮುಚ್ಚು","ಎಲ್ಲವನ್ನೂ ಮುಚ್ಚು",
"Close Tab","ಟ್ಯಾಬನ್ನು ಮುಚ್ಚು","ಜಾಲಪುಟವನ್ನು ಮುಚ್ಚು",
"Close Window","ವಿಂಡೊವನ್ನು ಮುಚ್ಚು","ಕಿಟಕಿಯನ್ನು ಮುಚ್ಚು",
"Color/Grayscale","ಬಣ್ಣ/ಗ್ರೇಸ್ಕೇಲ್","ಬಣ್ಣ / ಬೂದುಶ್ರೇಣಿ",
"Compare Documents","ದಸ್ತಾವೇಜುಗಳನ್ನು ಹೋಲಿಕೆ ಮಾಡು","ದಸ್ತಾವೇಜುಗಳನ್ನು ಹೋಲಿಸು",
"Conditional Formatting","ನಿಬಂಧಾತ್ಮಕವಾಗಿ ರೂಪಿಸುವಿಕೆ","ನಿಬಂಧನಗಳೊಂದಿಗೆ ವಿನ್ಯಾಸ",
"Configuration Editor","ಸಂರಚನಾ ಸಂಪಾದಕ","ಸಂರಚನ ಸಂಪಾದಕ",
"Connection Information","ಸಂಪರ್ಕ ಮಾಹಿತಿ","ಜೋಡಣೆ ಮಾಹಿತಿ",
"Convert to Task","ಕೆಲಸಕ್ಕೆ ಬದಲಾಯಿಸು","ಕಾರ್ಯಕ್ಕೆ ಪರಿವರ್ತಿಸು",
"Create Document","ದಸ್ತಾವೇಜನ್ನು ರಚಿಸು","ದಸ್ತಾವೇಜು ರಚಿಸು",
"Create Folder","ಕಡತಕೋಶವನ್ನು ರಚಿಸು","ಕಡತಕೋಶವನ್ನು ರಚಿಸು",
"Create Launcher","ಆರಂಭಕವನ್ನು ರಚಿಸು","ಆರಂಭಕವನ್ನು ರಚಿಸು",
"Create Rule","ನಿಯಮವನ್ನು ರಚಿಸು","ನಿಯಮವನ್ನು ರಚಿಸು",
"Cross-reference","ಪ್ರತಿ-ಉಲ್ಲೇಖ","ಅಡ್ಡ-ಉಲ್ಲೇಖ",
"Current Locale","ಪ್ರಸಕ್ತ ಲೊಕ್ಯಾಲ್","ಸದ್ಯದ ಪರಿಸರ",
"Current Profile","ಪ್ರಸಕ್ತ ಪ್ರೊಫೈಲ್","ಸದ್ಯದ ಪರಿಚೆ?",
"Current View","ಪ್ರಸಕ್ತ ನೋಟ","ಸದ್ಯದ ನೋಟ",
"Custom Animation","ಕಸ್ಟಮ್ ಚಿತ್ರಸಂಚಲನ","ಅಗತ್ಯಾನುಗುಣ ಚಿತ್ರಸಂಚಲನ",
"Day View","ದಿನದ ನೋಟ","ದಿನದ ನೋಟ",
"Debug Window","ದೋಷ ನಿದಾನ ವಿಂಡೊ","ದೋಷ ನಿದಾನ ಕಿಟಕಿ",
"Default Formatting","ಪೂರ್ವನಿಯೋಜಿತ ರೂಪಿಸುವಿಕೆ","ಪೂರ್ವನಿಯೋಜಿತ ವಿನ್ಯಾಸ",
"Default Printer","ಪೂರ್ವನಿಯೋಜಿತ ಮುದ್ರಕ","ಪೂರ್ವನಿಯೋಜಿತ ಮುದ್ರಕ",
"Define Range","ಶ್ರೇಣಿಯನ್ನು ಸೂಚಿಸು","ವ್ಯಾಪ್ತಿಯನ್ನು ಸೂಚಿಸು",
"Define Views","ನೋಟವನ್ನು ಸೂಚಿಸು","ನೋಟಗಳನ್ನು ಸೂಚಿಸು",
"Delete Cells","ಕೋಶಗಳನ್ನು ಅಳಿಸು","ಕೋಶಗಳನ್ನು ಅಳಿಸು",
"Delete Contents","ವಿಷಯಗಳನ್ನು ಅಳಿಸು","ಒಳಪಿಡಿಯನ್ನು ಅಳಿಸು",
"Delete Message","ಸಂದೇಶವನ್ನು ಅಳಿಸು","ಸಂದೇಶವನ್ನು ಅಳಿಸು",
"Delete Slide","ಜಾರುಫಲಕವನ್ನು ಅಳಿಸು","ಜಾರುಫಲಕವನ್ನು ಅಳಿಸು",
"Desktop Background","ಗಣಕತೆರೆ ಹಿನ್ನಲೆ","ಗಣಕತೆರೆ ಹಿನ್ನೆಲೆ",
"Desktop Effects","ಗಣಕತೆರೆ ಪರಿಣಾಮಗಳು","ಡೆಸ್ಕ್‍ಟಾಪ್ ಪರಿಣಾಮಗಳು",
"Detach Tab","ಟ್ಯಾಬನ್ನು ಕಳಚು","ಪುಟವನ್ನು ಬೇರ್ಪಡಿಸು",
"Digital Signatures","ಡಿಜಿಟಲ್ ಸಹಿಗಳು","ಆಂಕಿಕ ಸಹಿ",
"Document Statistics","ದಸ್ತಾವೇಜಿನ ಅಂಕಿಅಂಶಗಳು","ದಸ್ತಾವೇಜಿನ ಅಂಕಿಅಂಶಗಳು",
"DOM Inspector","DOM ಪರೀಕ್ಷಕ","DOM ಪರೀಕ್ಷಕ",
"Duplicate Slide","ಜಾರುಫಲಕದ ನಕಲುಪ್ರತಿ","ಜಾರುಫಲಕದ ಪ್ರತಿ",
"Edit Bookmarks","ಪುಟಗುರುತುಗಳನ್ನು ಸಂಪಾದಿಸಿ","ಪುಟಗುರುತುಗಳನ್ನು ಸಂಪಾದಿಸು",
"Empty Presentation","ಖಾಲಿ ಪ್ರಸ್ತುತಿ","ಖಾಲಿ ಮಂಡನೆ",
"Empty Trash","ಕಸದ ಬುಟ್ಟಿಯನ್ನು ಖಾಲಿ ಮಾಡು","ಕಸದ ಬುಟ್ಟಿಯನ್ನು ಬರಿದು ಮಾಡು",
"Enable Networking","ಜಾಲಬಂಧವನ್ನು ಶಕ್ತಗೊಳಿಸು","ಜಾಲಬಂಧವನ್ನು ಅನುಗೊಳಿಸು",
"Exchange Database","ದತ್ತಸಂಚಯವನ್ನು ಬದಲಾಯಿಸು","ದತ್ತಸಂಚಯ ವಿನಿಮಯ",
"Expand Slide","ಜಾರುಫಲಕವನ್ನು ಹಿಗ್ಗಿಸು","ಜಾರುಫಲಕವನ್ನು ವಿಸ್ತರಿಸು",
"Failsafe Terminal","ವಿಫಲಗೊಳ್ಳದಿರುವ ಟರ್ಮಿನಲ್","ಸುರಕ್ಷಿತ ಆದೇಶತೆರೆ",
"Field Names","ಜಾಗದ ಹೆಸರುಗಳು","ಕ್ಷೇತ್ರಗಳ ಹೆಸರುಗಳು",
"Field Shadings","ಜಾಗದ ಮಬ್ಬುಗೊಳಿಕೆ","ಕ್ಷೇತ್ರದ ಮಸುಕುಗೊಳಿಕೆ",
"File Browser","ಕಡತ ವೀಕ್ಷಕ","ಕಡತ ವೀಕ್ಷಕ",
"File Management","ಕಡತ ವ್ಯವಸ್ಥಾಪನೆ","ಕಡತ ವ್ಯವಸ್ಥಾಪನೆ",
"File transfers","ಕಡತ ವರ್ಗಾವಣೆ","ಕಡತ ವ್ಯವಸ್ಥಾಪನೆ",
"Find Again","ಇನ್ನೊಮ್ಮೆ ಹುಡುಕು","ಇನ್ನೊಮ್ಮೆ ಹುಡುಕು",
"Find Next","ಮುಂದೆ ಹುಡುಕು","ಮುಂದೆ ಹುಡುಕು",
"Find Now","ಈಗಲೆ ಹುಡುಕು","ಈಗಲೆ ಹುಡುಕು",
"Find Previous","ಹಿಂದೆ ಹುಡುಕು","ಹಿಂದೆ ಹುಡುಕು",
"Floating Frame","ತೇಲುವ ಚೌಕಟ್ಟು","ತೇಲುವ ಚೌಕಟ್ಟು",
"Forget Passwords","ಗುಪ್ತಪದಗಳನ್ನು ಮರೆತುಬಿಡು","ದಾಟುಪದಗಳನ್ನು ಮರೆ",
"Formatting Mark","ರೂಪಿಸುವಿಕೆಯ ಗುರುತು","ವಿನ್ಯಾಸದ ಗುರುತು",
"Formula bar","ಸೂತ್ರ ಪಟ್ಟಿಕೆ","ಸೂತ್ರ ಪಟ್ಟಿ",
"Forward As","ಹೀಗೆ ಫಾರ್ವಾರ್ಡ್ ಮಾಡು","ಹೀಗೆಂದು ಮುಂದೆ ಕಳಿಸು",
"Forward Contact","ಸಂಪರ್ಕವಿಳಾಸವನ್ನು ಫಾರ್ವಾರ್ಡ್ ಮಾಡು","ಸಂಪರ್ಕವಿಳಾಸವನ್ನು ಮುಂದೆ ಕಳಿಸು",
"From template","ಸಿದ್ಧಮಾದರಿಯಿಂದ","ಸಿದ್ಧಮಾದರಿಯಿಂದ",
"Function List","ಕಾರ್ಯಭಾರ ಪಟ್ಟಿ","ಕಾರ್ಯಭಾರ ಪಟ್ಟಿ",
"Glue Points","ಅಂಟು ಬಿಂದುಗಳು","ಸ್ಥಿರ ಬಿಂದುಗಳು",
"Go To","ಇಲ್ಲಿಗೆ ತೆರಳು","ಇಲ್ಲಿಗೆ ಹೋಗು",
"Goal Seek","ಗುರಿಯ ಕೋರಿಕೆ","ಗುರಿಯ ಹುಡುಕಾಟ",
"Handout Page","ಪ್ರಕಟಣೆಯ ಪುಟ","ಕರಪತ್ರ ಪುಟ",
"Help Contents","ನೆರವಿನ ಅಂಶಗಳು","ನೆರವಿನ ಒಳಪಿಡಿ",
"Hidden Paragraphs","ಅಡಗಿಸಲಾದ ಪ್ಯಾರಾಗ್ರಾಫುಗಳು","ಅಡಗಿಸಿದ ಕಂಡಿಕೆಗಳು",
"Highlight Mode","ಹೈಲೈಟ್ ಕ್ರಮ","ಬೆಳಗಿಸುವ ಸ್ಥಿತಿ",
"Home Folder","ನೆಲೆ ಕಡತಕೋಶ","ನೆಲೆ ಕಡತಕೋಶ",
"Horizontal Ruler","ಅಡ್ಡ ಗೆರೆಪಟ್ಟಿ","ಅಡ್ಡ ಗೆರೆಪಟ್ಟಿ",
"Index Entry","ಸೂಚಿ ನಮೂದು","ಸೂಚಿ ನಮೂದು",
"Interactive Search","ಸಂವಹನಾತ್ಮಕ ಹುಡುಕಾಟ","ಸಂವಾದಾತ್ಮಕ ಹುಡುಕಾಟ",
"Internet Messenger","ಅಂತರಜಾಲ ಸಂದೇಶಗಾರ","ಅಂತರಜಾಲ ಸಂದೇಶಕ",
"JavaScript Console","JavaScript ಕನ್ಸೋಲ್","ಜಾವಾಸ್ಕ್ರಿಪ್ಟ್‍ ಆದೇಶತೆರೆ",
"Keep Aligned","ಹೊಂದಿಕೆ ಮಾಡು","ಹೊಂದಿಸಿಡು",
"Keyboard Shortcuts","ಕೀಲಿಮಣೆ ಸಮೀಪಮಾರ್ಗಗಳು","ಕೀಲಿಮಣೆ-ಸುಲಭ ಆಯ್ಕೆಗಳು",
"Keyring Manager","ಕೀರಿಂಗ್ ವ್ಯವಸ್ಥಾಪಕ","ಕೀಲಿಗೊಂಚಲು ವ್ಯವಸ್ಥಾಪಕ",
"Last Session","ಕೊನೆಯ ಅಧಿವೇಶನ","ಕೊನೆಯ ಅಧಿವೇಶನ",
"Line Numbering","ಸಾಲಿಗೆ ಸಂಖ್ಯೆ ನೀಡುವಿಕೆ","ಸಾಲು ಸಂಖ್ಯೆ ನೀಡಿಕೆ",
"List View","ಪಟ್ಟಿ ನೋಟ","ಪಟ್ಟಿ ನೋಟ",
"Load Images","ಚಿತ್ರಗಳನ್ನು ಲೋಡ್ ಮಾಡು","ಚಿತ್ರಗಳನ್ನು ತುಂಬು",
"Login Screen","ಪ್ರವೇಶದ ತೆರೆ","ಪ್ರವೇಶ ತೆರೆ",
"Mailing List","ಮೈಲಿಂಗ್ ಲಿಸ್ಟ್‍","ವಿಳಾಸ ಪಟ್ಟಿ",
"Make Links","ಕೊಂಡಿಗಳನ್ನು ರಚಿಸು","ಕೊಂಡಿಗಳನ್ನು ರಚಿಸು",
"Manage Bookmarks","ಪುಟಗುರುತುಗಳನ್ನು ವ್ಯವಸ್ಥಾಪಿಸು","ಪುಟಗುರುತುಗಳನ್ನು ವ್ಯವಸ್ಥಾಪಿಸು",
"Manual Break","ಮ್ಯಾನುವಲ್ ತಡೆ","ಕೈಯಾರೆ ತಡೆ",
"Mark As","ಹೀಗೆ ಗುರುತುಹಾಕು","ಹೀಗೆ ಗುರುತುಹಾಕು",
"Media Player","ಮಾಧ್ಯಮ ಚಾಲಕ","ಮಾಧ್ಯಮ ಚಾಲಕ",
"Menu Layout","ಪರಿವಿಡಿ ರೂಪರೇಖೆ","ಪರಿವಿಡಿ ವಿನ್ಯಾಸ",
"Merge Cells","ಕೋಶವನ್ನು ವಿಲೀನಗೊಳಿಸು","ಕೋಶಗಳನ್ನು ಒಂದಾಗಿಸು",
"Merge Table","ಕೋಷ್ಟಕವನ್ನು ವಿಲೀನಗೊಳಿಸು","ಕೋಷ್ಟಕಗಳನ್ನು ಒಂದಾಗಿಸು",
"Message Filters","ಸಂದೇಶ ಫಿಲ್ಟರುಗಳು","ಸಂದೇಶ ಸೋಸುಕಗಳು",
"Message Source","ಸಂದೇಶದ ಮೂಲ","ಸಂದೇಶದ ಆಕರ",
"Month View","ತಿಂಗಳ ನೋಟ","ತಿಂಗಳ ನೋಟ",
"More Preferences","ಇನ್ನಷ್ಟು ಆದ್ಯತೆಗಳು","ಇನ್ನಷ್ಟು ಆದ್ಯತೆಗಳು",
"Multiple Operations","ಬಹು ಕಾರ್ಯಾಚರಣೆಗಳು","ಹಲವು ಕಾರ್ಯಾಚರಣೆಗಳು",
"Mute Sounds","ಶಬ್ಧಗಳನ್ನು ಮೂಕವಾಗಿಸು","ಶಬ್ದಗಳನ್ನು ಮೂಕವಾಗಿಸು",
"Network Proxy","ಜಾಲಬಂಧ ಪ್ರಾಕ್ಸಿ","ಬದಲಿ ಜಾಲಬಂಧ",
"Network Servers","ಜಾಲಬಂಧ ಪರಿಚಾರಕಗಳು","ಜಾಲಬಂಧ ಪೂರೈಕೆಗಣಕ",
"New Message","ಹೊಸ ಸಂದೇಶ","ಹೊಸ ಸಂದೇಶ",
"New Panel","ಹೊಸ ಪ್ಯಾನೆಲ್","ಹೊಸ ಪಟ್ಟಿ",
"New Profile","ಹೊಸ ಪ್ರೊಫೈಲ್","ಹೊಸ ಪರಿಚೆ?",
"New Tab","ಹೊಸ ಟ್ಯಾಬ್","ಹೊಸ ಪುಟ",
"New Window","ಹೊಸ ವಿಂಡೊ","ಹೊಸ ಕಿಟಕಿ",
"Next Document","ಮುಂದಿನ ದಸ್ತಾವೇಜು","ಮುಂದಿನ ದಸ್ತಾವೇಜು",
"Next Tab","ಮುಂದಿನ ಟ್ಯಾಬ್","ಮುಂದಿನ ಪುಟ",
"Nonprinting Characters","ಮುದ್ರಿಸದಿರುವ ಅಕ್ಷರಗಳು","ಮುದ್ರಣವಾಗದ ಚಿಹ್ನೆಗಳು",
"Normal Size","ಸಾಮಾನ್ಯ ಗಾತ್ರ","ಸಾಮಾನ್ಯ ಗಾತ್ರ",
"Notes Page","ಟಿಪ್ಪಣಿಗಳ ಪುಟ","ಟಿಪ್ಪಣಿಗಳ ಪುಟ",
"Number Format","ಸಂಖ್ಯೆಯ ಶೈಲಿ","ಸಂಖ್ಯಾ ವಿನ್ಯಾಸ",
"Online Help","ಅಂತರಜಾಲ ನೆರವು","ಅಂತರಜಾಲ ನೆರವು",
"Open File","ಕಡತವನ್ನು ತೆರೆ","ಕಡತವನ್ನು ತೆರೆ",
"Open Location","ಸ್ಥಳವನ್ನು ತೆರೆ","ಸ್ಥಳವನ್ನು ತೆರೆ",
"Open Parent","ಮೂಲವನ್ನು ತೆರೆ","ಮೇಲಿನ ಕಡತಕೋಶವನ್ನು ತೆರೆ",
"Open Tab","ಟ್ಯಾಬನ್ನು ತೆರೆ","ಹಾಳೆಯನ್ನು ತೆರೆ",
"Open Terminal","ಟರ್ಮಿನಲ್ ಅನ್ನು ತೆರೆ","ಆದೇಶತೆರೆಯನ್ನು ತೆರೆ",
"Outline Numbering","ಔಟ್‌ಲೈನ್ ನಂಬರಿಂಗ್","ಹೊರವಿನ್ಯಾಸ ಸಂಖ್ಯೆಗಳು",
"Package Manager","ಪ್ಯಾಕೇಜು ವ್ಯವಸ್ಥಾಪಕ","ತಂತ್ರಾಂಶ ಕಟ್ಟುಗಳ ವ್ಯವಸ್ಥಾಪಕ",
"Page Info","ಪುಟದ ಮಾಹಿತಿ","ಪುಟ ಮಾಹಿತಿ",
"Page Number","ಪುಟದ ಸಂಖ್ಯೆ","ಪುಟ ಸಂಖ್ಯೆ",
"Page Preview","ಪುಟದ ಮುನ್ನೋಟ","ಪುಟ ಮುನ್ನೋಟ",
"Page Setup","ಪುಟದ ಸಿದ್ಧತೆ","ಪುಟ ಸಿದ್ಧತೆ",
"Page Source","ಪುಟದ ಮೂಲ","ಪುಟದ ಆಕರ",
"Page Style","ಪುಟದ ಶೈಲಿ","ಪುಟದ ಶೈಲಿ",
"PalmOS Devices","PalmOS ಸಾಧನಗಳು","ಪಾಮ್ಓಎಸ್(PalmOS) ಸಾಧನಗಳು",
"Paste Special","ವಿಶೇಷವಾಗಿ ಅಂಟಿಸು","ವಿಶೇಷ ರೀತಿ ಅಂಟಿಸು",
"Phone List","ದೂರವಾಣಿ ಸಂಖ್ಯೆಗಳ ಪಟ್ಟಿ","ದೂರವಾಣಿ ಸಂಖ್ಯೆಗಳ ಪಟ್ಟಿ",
"Power Management","ವಿದ್ಯುಚ್ಛಕ್ತಿ ನಿರ್ವಹಣೆ","ವಿದ್ಯುಚ್ಛಕ್ತಿ ನಿರ್ವಹಣೆ",
"Preferred Applications","ಇಚ್ಛೆಯ ಅನ್ವಯಗಳು","ಆಯ್ಕೆಯ ಅನ್ವಯಗಳು",
"Presentation Wizard","ಪ್ರಸ್ತುತಿ ಗಾರುಡಿ","ಪ್ರಸ್ತುತಿ ಪರಿಣತ",
"Previous Document","ಹಿಂದಿನ ದಸ್ತಾವೇಜು","ಹಿಂದಿನ ದಸ್ತಾವೇಜು",
"Previous Tab","ಹಿಂದಿನ ಟ್ಯಾಬ್","ಹಿಂದಿನ ಪುಟ",
"Print Layout","ಮುದ್ರಣ ರೂಪರೇಖೆ","ಮುದ್ರಣ ವಿನ್ಯಾಸ",
"Print preview","ಮುದ್ರಣ ಮುನ್ನೋಟ","ಮುದ್ರಣ ಮುನ್ನೋಟ",
"Print Ranges","ಮುದ್ರಣ ವ್ಯಾಪ್ತಿಗಳು","ಮುದ್ರಣ ವ್ಯಾಪ್ತಿ",
"Printer Settings","ಮುದ್ರಕದ ಸಿದ್ಧತೆಗಳು","ಮುದ್ರಕದ ಸಿದ್ಧತೆಗಳು",
"Project Management","ಯೋಜನಾ ನಿರ್ವಹಣೆ","ಯೋಜನಾ ವ್ಯವಸ್ಥಾಪನೆ",
"Protect Document","ದಸ್ತಾವೇಜನ್ನು ರಕ್ಷಿಸು","ದಸ್ತಾವೇಜನ್ನು ರಕ್ಷಿಸು",
"Quick Reference","ಚುರುಕು ಉಲ್ಲೇಖ","ಚುಟುಕು ಉಲ್ಲೇಖ",
"Read Mail","ಓದಲಾದ ಮೈಲ್","ಓದಿದ ಅಂಚೆ",
"Recent Documents","ಇತ್ತೀಚಿನ ದಸ್ತಾವೇಜುಗಳು","ಇತ್ತೀಚಿನ ದಸ್ತಾವೇಜುಗಳು",
"Refresh Range","ವ್ಯಾಪ್ತಿಯನ್ನು ತಾಜಾಗೊಳಿಸು","ವ್ಯಾಪ್ತಿಯ ಪುನಶ್ಚೇತನ",
"Rehearse Timings","ರಿಹರ್ಸ್ ಸಮಯ","ಸಮಯದ ತಾಲೀಮು",
"Remote Desktop","ದೂರದ ಗಣಕತೆರೆ","ದೂರ ಗಣಕತೆರೆ",
"Room List","ಕೋಣೆ ಪಟ್ಟಿ","ಕೋಣೆ ಪಟ್ಟಿ",
"Root Password","ನಿರ್ವಾಹಕ ಗುಪ್ತಪದ","ನಿರ್ವಾಹಕ ದಾಟುಪದ",
"Save All","ಎಲ್ಲಾ ಉಳಿಸು","ಎಲ್ಲ ಉಳಿಸು",
"Save As","ಹೀಗೆ ಉಳಿಸು","ಹೀಗೆ ಉಳಿಸು",
"Save Search","ಹುಡುಕಾಟವನ್ನು ಉಳಿಸು","ಹುಡುಕಿದ್ದನ್ನು ಉಳಿಸು",
"Scanner Tool","ಸ್ಕ್ಯಾನ್ ಮಾಡುವ ಉಪಕರಣ","ಸ್ಕ್ಯಾನ್ ಮಾಡುವ ಉಪಕರಣ",
"Screen Resolution","ತೆರೆಯ ರೆಸಲ್ಯೂಶನ್","ತೆರೆಯ ದಟ್ಟಣೆ",
"Search Folders","ಕಡತಕೋಶಗಳಲ್ಲಿ ಹುಡುಕು","ಕಡತಕೋಶಗಳಲ್ಲಿ ಹುಡುಕು",
"Select All","ಎಲ್ಲವನ್ನೂ ಆರಿಸು","ಎಲ್ಲ ಆಯ್ಕೆ ಮಾಡು",
"Select Date","ದಿನಾಂಕವನ್ನು ಆರಿಸು","ದಿನಾಂಕ ಆಯ್ಕೆ ಮಾಡು",
"Select Pattern","ಮಾದರಿಯನ್ನು ಆರಿಸು","ಮಾದರಿ ಆಯ್ಕೆ ಮಾಡು",
"Select Range","ವ್ಯಾಪ್ತಿಯನ್ನು ಆರಿಸು","ವ್ಯಾಪ್ತಿ ಆಯ್ಕೆ ಮಾಡು",
"Select Text","ಪಠ್ಯವನ್ನು ಆರಿಸು","ಪಠ್ಯ ಆಯ್ಕೆ ಮಾಡು",
"Select Today","ಈ ದಿನವನ್ನು ಆರಿಸು","ಇಂದು' ಆಯ್ಕೆ ಮಾಡು",
"SELinux Troubleshooter","SELinux ದೋಷನಿವಾರಕ","SELinux ದೋಷನಿವಾರಣ ಸಹಾಯಕ",
"Send Link","ಸಂಪರ್ಕಕೊಂಡಿಯನ್ನು ಕಳುಹಿಸು","ಕೊಂಡಿಯನ್ನು ಕಳುಹಿಸು",
"Send/Receive","ಕಳುಹಿಸು/ಸ್ವೀಕರಿಸು","ಕಳುಹಿಸು/ಪಡೆದುಕೊ",
"Set Language","ಭಾಷೆಯನ್ನು ಹೊಂದಿಸು","ಭಾಷೆಯನ್ನು ಆಯ್ಕೆ ಮಾಡು",
"Set Title","ಶೀರ್ಷಿಕೆಯನ್ನು ಹೊಂದಿಸು","ಶೀರ್ಷಿಕೆಯನ್ನು ಹೊಂದಿಸು",
"Show Menubar","ಪರಿವಿಡಿಪಟ್ಟಿಯನ್ನು ತೋರಿಸು","ಪರಿವಿಡಿಪಟ್ಟಿಯನ್ನು ತೋರಿಸು",
"Shut Down","ಸ್ಥಗಿತಗೊಳಿಸು","ಕೊನೆಗೊಳಿಸು",
"Side Pane","ಬದಿಯ ಪ್ಯಾನೆಲ್","ಬದಿಯ ಪಟ್ಟಿ",
"Slide Design","ಜಾರುಫಲಕದ ವಿನ್ಯಾಸ","ಜಾರುಫಲಕದ ವಿನ್ಯಾಸ",
"Slide Layout","ಜಾರುಫಲಕದ ರೂಪರೇಖೆ","ಜಾರುಫಲಕದ ಹೊರವಿನ್ಯಾಸ",
"Slide Pane","ಜಾರುಫಲಕದ ಪ್ಯಾನೆಲ್","ಜಾರುಫಲಕದ ಪಟ್ಟಿ",
"Slide Show","ಜಾರುಫಲಕ ಪ್ರದರ್ಶನ","ಜಾರುಫಲಕದ ಪ್ರದರ್ಶನ",
"Slide Sorter","ಜಾರುಫಲಕ ವಿಂಗಡಕ","ಜಾರುಫಲಕದ ವಿಂಗಡಕ",
"Slide Transition","ಜಾರುಫಲಕ ಪರಿವರ್ತನೆ","ಜಾರುಫಲಕದ ಬದಲಾವಣೆ",
"Software Updater","ತಂತ್ರಾಂಶ ಅಪ್‌ಡೇಟರ್","ತಂತ್ರಾಂಶ ಇತ್ತೇದಕ",
"Sort Buddies","ಗೆಳೆಯರನ್ನು ವರ್ಗೀಕರಿಸು","ಗೆಳೆಯರನ್ನು ವಿಂಗಡಿಸು",
"Special Character","ವಿಶೇಷ ಅಕ್ಷರ","ವಿಶೇಷ ಅಕ್ಷರಚಿಹ್ನೆ",
"Split Cell","ಕೋಶವನ್ನು ವಿಭಜಿಸು","ಕೋಶವನ್ನು ವಿಭಜಿಸು",
"Split Table","ಕೋಷ್ಟಕವನ್ನು ವಿಭಜಿಸು","ಕೋಷ್ಟಕವನ್ನು ವಿಭಜಿಸು",
"Stretch Icon","ಚಿಹ್ನೆಯನ್ನು ಹಿಗ್ಗಿಸು","ಲಾಂಛನವನ್ನು ಹಿಗ್ಗಿಸು",
"Summary Slide","ಸಾರಾಂಶ ಜಾರುಫಲಕ","ಸಾರಾಂಶ ಜಾರುಫಲಕ",
"Switcher Appearance","ಬದಲಾವಣೆಗಾರನ ಗೋಚರಿಕೆ","ಹೊರಳಿಕೆ ನೋಟ",
"Synchronization Options","ಮೇಳೈಸುವ ಆಯ್ಕೆಗಳು","ಮೇಳೈಸುವ ಆಯ್ಕೆಗಳು",
"System Log","ವ್ಯವಸ್ಥೆಯ ದಾಖಲೆ","ವ್ಯವಸ್ಥೆಯ ದಿನಚರಿ",
"System Monitor","ವ್ಯವಸ್ಥೆಯ ಮೇಲ್ವಿಚಾರಕ","ವ್ಯವಸ್ಥೆಯ ಮೇಲ್ವಿಚಾರಕ",
"System Tools","ವ್ಯವಸ್ಥೆಯ ಉಪಕರಣಗಳು","ವ್ಯವಸ್ಥೆಯ ಉಪಕರಣಗಳು",
"Table Boundaries","ಕೋಷ್ಟಕದ ಅಂಚುಗಳು","ಕೋಷ್ಟಕದ ಎಲ್ಲೆಗಳು",
"Table Properties","ಕೋಷ್ಟಕದ ಗುಣಗಳು","ಕೋಷ್ಟಕದ ಗುಣಗಳು",
"Take Screenshot","ತೆರೆಚಿತ್ರವನ್ನು ತೆಗೆದುಕೊ","ತೆರೆಚಿತ್ರವನ್ನು ತೆಗೆದುಕೊ",
"Task Pane","ಕಾರ್ಯ ಫಲಕ","ಕಾರ್ಯ ಪಟ್ಟಿ",
"Text Editor","ಪಠ್ಯ ಸಂಪಾದಕ","ಪಠ್ಯ ಸಂಪಾದಕ",
"Text Size","ಪಠ್ಯದ ಗಾತ್ರ","ಪಠ್ಯದ ಗಾತ್ರ",
"The GIMP","GIMP","ಜಿಂಪ್ (ಜಿಐಎಂಪಿ)",
"Thunderbird Email","ತಂಡರ್ಬರ್ಡ್ ಇಮೈಲ್","ಥಂಡರ್ಬರ್ಡ್ ವಿ-ಅಂಚೆ",
"Undelete Message","ಸಂದೇಶ ಅಳಿಸುವಿಕೆಯನ್ನು ರದ್ದುಗೊಳಿಸು","ಸಂದೇಶ ಅಳಿಸುವಿಕೆ - ರದ್ದುಗೊಳಿಸು",
"Unsaved Document","ಉಳಿಸದಿರುವ ದಸ್ತಾವೇಜು","ಉಳಿಸದ ದಸ್ತಾವೇಜು",
"User Name","ಬಳಕೆದಾರ ಹೆಸರು","ಬಳಕೆದಾರರ ಹೆಸರು",
"Value Highlighting","ಮೌಲ್ಯದ ಹೈಲೈಟಿಂಗ್","ಮೌಲ್ಯವನ್ನು ಬೆಳಗಿಸುವಿಕೆ",
"Vi Improved","Vi ಸುಧಾರಿತ","ವಿಐ ಇಂಪ್ರೂವ್ಡ್‍",
"Volume Control","ಧ್ವನಿ ನಿಯಂತ್ರಣ","ಧ್ವನಿಪ್ರಮಾಣ ನಿಯಂತ್ರಣ",
"Web Search","ಜಾಲ ಹುಡುಕಾಟ","ಜಾಲ ಹುಡುಕಾಟ",
"Week View","ವಾರದ ನೋಟ","ವಾರದ ನೋಟ",
"What's This","ಏನಿದು","ಏನಿದು",
"With Status","ಸ್ಥಿತಿಯೊಂದಿಗೆ","ಸ್ಥಿತಿಯೊಂದಿಗೆ",
"Word Count","ಪದಗಳ ಎಣಿಕೆ","ಪದಗಳ ಎಣಿಕೆ",
"Word Processor","ಪದ ಸಂಸ್ಕಾರಕ","ಪದ ಸಂಸ್ಕಾರಕ",
"Work Offline","ಆಫ್‌ಲೈನಿನಲ್ಲಿ ಕೆಲಸ ಮಾಡು","ಜಾಲದಾಚೆ ಕೆಲಸ ಮಾಡು",
"Work Week","ಕೆಲಸದ ವಾರ","ಕೆಲಸದ ವಾರ",
"Zoom In","ಹಿಗ್ಗಿಸು","ಹಿಗ್ಗಿಸು",
"Zoom Out","ಕುಗ್ಗಿಸು","ಕುಗ್ಗಿಸು",
"Add or Remove","ಸೇರಿಸು ಅಥವ ತೆಗೆದುಹಾಕು","ಸೇರಿಸು ಅಥವಾ ತೆಗೆದುಹಾಕು",
"Add Sender to Address Book","ಕಳುಹಿಸಿದವರನ್ನು ವಿಳಾಸಪುಸ್ತಕಕ್ಕೆ ಸೇರಿಸು","ಕಳುಹಿಸಿದವರ ವಿಳಾಸವನ್ನು ವಿಳಾಸಪುಸ್ತಕಕ್ಕೆ ಸೇರಿಸು",
"Add to Panel","ಪ್ಯಾನಲ್ಲಿಗೆ ಸೇರಿಸು","ಪಟ್ಟಿಗೆ ಸೇರಿಸು",
"Add/Remove Software","ತಂತ್ರಾಂಶವನ್ನು ಸೇರಿಸು/ತೆಗೆದುಹಾಕು","ತಂತ್ರಾಂಶವನ್ನು ಸೇರಿಸು/ತೆಗೆದುಹಾಕು",
"Address Book Properties","ವಿಳಾಸ ಪುಸ್ತಕದ ಗುಣಗಳು","ವಿಳಾಸ ಪುಸ್ತಕದ ಗುಣಗಳು",
"All Message Headers","ಎಲ್ಲಾ ಸಂದೇಶ ಹೆಡರುಗಳು","ಎಲ್ಲ ಸಂದೇಶ ತಲೆಬರಹಗಳು",
"Assistive Technology Preferences","ನೆರವಿನ ತಂತ್ರಜ್ಞಾನದ ಆದ್ಯತೆಗಳು","ಸಹಾಯಕ ತಂತ್ರಜ್ಞಾನದ ಆದ್ಯತೆಗಳು",
"Backgrounds and Emblems","ಹಿನ್ನಲೆಗಳು ಹಾಗು ಲಾಂಛನಗಳು","ಹಿನ್ನಲೆಗಳು ಹಾಗು ಲಾಂಛನಗಳು",
"Bookmark All Tabs","ಎಲ್ಲಾ ಟ್ಯಾಬ್‌ಗಳನ್ನೂ ಪುಟಗುರುತುಮಾಡು","ಎಲ್ಲ ಪುಟಗಳನ್ನೂ ಪುಟಗುರುತುಮಾಡು",
"Bookmark This Page","ಈ ಪುಟವನ್ನು ಪುಟಗುರುತು ಮಾಡು","ಈ ಪುಟವನ್ನು ಪುಟಗುರುತು ಮಾಡು",
"Bullets and Numbering","ಅಂಶಸೂಚಕಗಳು ಹಾಗು ಸಂಖ್ಯೆನೀಡಿಕೆ","ಅಂಶಸೂಚಕ ಹಾಗು ಸಂಖ್ಯಾವಿನ್ಯಾಸ",
"CD/DVD Creator","CD/DVD ನಿರ್ಮಾಣಗಾರ","ಸಿ.ಡಿ/ಡಿ.ವಿ.ಡಿ ರಚಕ",
"Change Desktop Background","ಗಣಕತೆರೆ ಹಿನ್ನೆಲೆಯನ್ನು ಬದಲಾಯಿಸಿ","ಗಣಕತೆರೆ ಹಿನ್ನೆಲೆಯನ್ನು ಬದಲಾಯಿಸು",
"Check for Junk","ರದ್ದಿಗಾಗಿ ಪರೀಕ್ಷಿಸಿ","ಕಸವಿದೆಯೆ ಪರೀಕ್ಷಿಸು",
"Check for Updates","ಅಪ್‌ಡೇಟ್‌ಗಳಿಗಾಗಿ ಪರೀಕ್ಷಿಸಿ","ಇತ್ತೇದನಗಳಿಗೆ ಪರೀಕ್ಷಿಸು",
"Clean UP by Name","ಹೆಸರಿನ ಆಧಾರದಲ್ಲಿ ಸ್ವಚ್ಛಗೊಳಿಸಿ","ಹೆಸರಿನ ಅನುಸಾರ ಸ್ವಚ್ಛಗೊಳಿಸು",
"Clean Up by Names","ಹೆಸರುಗಳ ಆಧಾರದಲ್ಲಿ ಸ್ವಚ್ಛಗೊಳಿಸಿ","ಹೆಸರುಗಳ ಅನುಸಾರ ಸ್ವಚ್ಛಗೊಳಿಸು",
"Close all Folders","ಎಲ್ಲಾ ಕಡತಕೋಶಗಳನ್ನು ಮುಚ್ಚು","ಎಲ್ಲ ಕಡತಕೋಶಗಳನ್ನು ಮುಚ್ಚು",
"Close Parent Folders","ಮೂಲ ಕಡತಕೋಶಗಳನ್ನು ಮುಚ್ಚು","ಮೇಲಿನ ಕಡತಕೋಶಗಳನ್ನು ಮುಚ್ಚು",
"Collapse All Threads","ಎಲ್ಲಾ ಎಳೆಗಳನ್ನು ಬೀಳಿಸು","ಎಲ್ಲ ಎಳೆಗಳನ್ನು ಕೂಡಿಸು",
"Column & Row Headers","ಲಂಬಸಾಲುಗಳು ಮತ್ತು ಅಡ್ಡಸಾಲಿನ ಶಿರೋಲೇಖ","ಉದ್ದಸಾಲು ಮತ್ತು ಅಡ್ಡಸಾಲಿನ ತಲೆಬರಹಗಳು",
"Compose New Message","ಹೊಸ ಸಂದೇಶನವನ್ನು ರಚಿಸು","ಹೊಸ ಸಂದೇಶ ರಚಿಸು",
"Connect to Server","ಪರಿಚಾರಕದೊಂದಿಗೆ ಸಂಪರ್ಕ ಕಲ್ಪಿಸು","ಪೂರೈಕೆಗಣಕಕ್ಕೆ ಸಂಪರ್ಕಿಸು",
"Copy All Contact to","ಎಲ್ಲಾ ಸಂಪರ್ಕವಿಳಾಸವನ್ನು ಇಲ್ಲಿಗೆ ಕಾಪಿ ಮಾಡು","ಎಲ್ಲಾ ಸಂಪರ್ಕವಿಳಾಸವನ್ನು ಇಲ್ಲಿಗೆ ಪ್ರತಿ ಮಾಡು",
"Copy Contact to","ಸಂಪರ್ಕವಿಳಾಸವನ್ನು ಇಲ್ಲಿಗೆ ಕಾಪಿ ಮಾಡು","ಸಂಪರ್ಕವಿಳಾಸವನ್ನು ಇಲ್ಲಿಗೆ ಪ್ರತಿ ಮಾಡು",
"Copy Folder To...","ಕಡತಕೋಶವನ್ನು ಇಲ್ಲಿಗೆ ಕಾಪಿ ಮಾಡು...","ಕಡತಕೋಶವನ್ನು ಇಲ್ಲಿಗೆ ಪ್ರತಿ ಮಾಡು...",
"Copy to Folder","ಕಡತಕೋಶಕ್ಕೆ ಕಾಪಿ ಮಾಡು","ಕಡತಕೋಶಕ್ಕೆ ಪ್ರತಿ ಮಾಡು",
"Create Search Folder from Search","ಹುಡುಕಾಟದಿಂದ ಹುಡುಕು ಕಡತಕೋಶವನ್ನು ರಚಿಸು","ಹುಡುಕಾಟದಿಂದ ಹುಡುಕು ಕಡತಕೋಶವನ್ನು ರಚಿಸು",
"Custom Slide Show","ಕಸ್ಟಮ್ ಜಾರುಫಲಕ ಪ್ರದರ್ಶನ","ಅಗತ್ಯಾನುಗುಣ ಜಾರುಫಲಕ ಪ್ರದರ್ಶನ",
"Date & Time","ದಿನಾಂಕ ಹಾಗು ಸಮಯ","ದಿನಾಂಕ ಮತ್ತು ಸಮಯ",
"Default System Session","ಪೂರ್ವನಿಯೋಜಿತ ವ್ಯವಸ್ಥೆಯ ಅಧಿವೇಶನ","ಪೂರ್ವನಿಯೋಜಿತ ವ್ಯವಸ್ಥೆಯ ಅಧಿವೇಶನ",
"Delete Manual Break","ಮ್ಯಾನುವಲ್ ತಡೆಯನ್ನು ಅಳಿಸು","ಕೈಯಾರ ತಡೆಯನ್ನು ಅಳಿಸು",
"Delete This Panel","ಈ ಪ್ಯಾನಲ್ಲನ್ನು ಅಳಿಸಿಹಾಕು","ಈ ಪಟ್ಟಿಯನ್ನು ಅಳಿಸು",
"Disk Usage Analyzer","ಡಿಸ್ಕ್‍ ಬಳಕೆಯ ವಿಶ್ಲೇಷಕ","ಡಿಸ್ಕ್‍ ಬಳಕೆಯ ವಿಶ್ಲೇಷಕ",
"Edit as New Message","ಹೊಸ ಸಂದೇಶವಾಗಿ ಸಂಪಾದಿಸು","ಹೊಸ ಸಂದೇಶವಾಗಿ ಸಂಪಾದಿಸು",
"Edit Saved Search","ಉಳಿಸಲಾದ ಹುಡುಕಾಟವನ್ನು ಸಂಪಾದಿಸು","ಉಳಿಸಿದ ಹುಡುಕಾಟವನ್ನು ಸಂಪಾದಿಸು",
"Expand All Threads","ಎಲ್ಲಾ ಎಳೆಗಳನ್ನು ಹಿಗ್ಗಿಸು","ಎಲ್ಲ ಎಳೆಗಳನ್ನು ಹಿಗ್ಗಿಸು",
"Export as PDF","PDF ಆಗಿ ರಫ್ತುಮಾಡು","ಪಿಡಿಎಫ್ ಆಗಿ ರಫ್ತುಮಾಡು",
"Find & Replace","ಹುಡುಕು ಮತ್ತು ಬದಲಿಸು","ಹುಡುಕು ಮತ್ತು ಬದಲಿಸು",
"Find in Message","ಸಂದೇಶದಲ್ಲಿ ಹುಡುಕು","ಸಂದೇಶದಲ್ಲಿ ಹುಡುಕು",
"Find in This Page","ಈ ಪುಟದಲ್ಲಿ ಹುಡುಕು","ಈ ಪುಟದಲ್ಲಿ ಹುಡುಕು",
"Firefox Web Bowser","ಫೈರ್ಫಾಕ್ಸ್ ಜಾಲ ವೀಕ್ಷಕ","ಫೈರ್ಫಾಕ್ಸ್ ಜಾಲ ವೀಕ್ಷಕ",
"Get User Info","ಬಳಕೆದಾರ ಮಾಹಿತಿಯನ್ನು ಪಡೆದುಕೊ","ಬಳಕೆದಾರ ಮಾಹಿತಿಯನ್ನು ಪಡೆದುಕೊ",
"Go to Line","ಸಾಲಿಗೆ ತೆರಳು","ಸಾಲಿಗೆ ಹೋಗು",
"Group By Threads","ಎಳೆಗಳ ಆಧಾರದಲ್ಲಿ ಗುಂಪುಗೂಡಿಸು","ಎಳೆಗಳ ಅನುಸಾರವಾಗಿ ಗುಂಪುಗೂಡಿಸು",
"Gthumb Image Viewer","Gthumb ಚಿತ್ರ ವೀಕ್ಷಕ","ಜಿ ಥಂಬ್ ಚಿತ್ರ ವೀಕ್ಷಕ",
"Headers & Footers","ಶಿರೋಲೇಖಗಳು ಹಾಗು ಅಡಿಲೇಖಗಳು","ತಲೆಬರಹಗಳು ಮತ್ತು ಅಡಿಬರಹಗಳು",
"Hide Deleted Messages","ಅಳಿಸಲಾದ ಸಂದೇಶಗಳನ್ನು ಅಡಗಿಸು","ಅಳಿಸಿದ ಸಂದೇಶಗಳನ್ನು ಅಡಗಿಸು",
"Hide Read Messages","ಓದಲಾದ ಸಂದೇಶಗಳನ್ನು ಅಡಗಿಸು","ಓದಿದ ಸಂದೇಶಗಳನ್ನು ಅಡಗಿಸು",
"Hide Selected Messages","ಆಯ್ದ ಸಂದೇಶಗಳನ್ನು ಅಡಗಿಸು","ಆಯ್ದ ಸಂದೇಶಗಳನ್ನು ಅಡಗಿಸು",
"Indexes and tables","ಸೂಚಿಗಳು ಹಾಗು ಕೋಷ್ಟಕಗಳು","ಸೂಚಿಗಳು ಹಾಗು ಕೋಷ್ಟಕಗಳು",
"Input Method Status","ಇನ್‌ಪುಟ್ ವಿಧಾನದ ಸ್ಥಿತಿ","ಊಡಿಕೆ ವಿಧಾನದ ಸ್ಥಿತಿ",
"Insert Date and Time","ದಿನಾಂಕ ಹಾಗು ಸಮಯವನ್ನು ಸೇರಿಸು","ದಿನಾಂಕ ಹಾಗು ಸಮಯವನ್ನು ಸೇರಿಸು",
"IP Telephony, VoIP and Video Conferencing","IP ಟೆಲಿಫೋನಿ, VoIP ಹಾಗು ವೀಡಿಯೊ ಕಾನ್ಫರೆನ್ಸಿಂಗ್","IP ಟೆಲಿಫೋನಿ, VoIP ಹಾಗು ವೀಡಿಯೊ ಸಮ್ಮೇಳನ",
"Link to External Data","ಹೊರಗಿನ ದತ್ತಾಂಶದ ಸಂಪರ್ಕಕೊಂಡಿ","ಬಾಹ್ಯ ದತ್ತಾಂಶಕ್ಕೆ ಸಂಪರ್ಕಕೊಂಡಿ",
"Lock To Panel","ಪ್ಯಾನಲ್ಲಿಗೆ ಬಂಧಿಸು","ಪಟ್ಟಿಗೆ ಬಂಧಿಸು",
"Log Out root","ನಿರ್ವಾಹಕನಿಂದ ನಿರ್ಗಮಿಸು","ನಿರ್ವಾಹಕನಿಂದ ಹೊರನಡೆ",
"Logical Volume Management","ತಾರ್ಕಿಕ ಪರಿಮಾಣ ನಿರ್ವಹಣೆ","ಸ್ಥಳಾವಕಾಶದ ತಾರ್ಕಿಕ ನಿರ್ವಹಣೆ",
"Mail Merge Wizard","ಅಂಚೆ ವಿಲೀನ ಗಾರುಡಿ","ಅಂಚೆ ವಿಲೀನ ಪರಿಣತ",
"Mark All Message as Read","ಎಲ್ಲಾ ಸಂದೇಶಗಳನ್ನೂ ಓದಲಾಗಿದೆಯೆಂದು ಗುರುತುಹಾಕು","ಎಲ್ಲ ಸಂದೇಶಗಳನ್ನು ಓದಲಾಗಿದೆ ಎಂದು ಗುರುತಿಸು",
"Menus & Toolbars","ಪರಿವಿಡಿಗಳು ಹಾಗು ಉಪಕರಣಪಟ್ಟಿಗಳು","ಪರಿವಿಡಿಗಳು ಹಾಗು ಉಪಕರಣಪಟ್ಟಿಗಳು",
"Move All Contact to ","ಎಲ್ಲಾ ಸಂಪರ್ಕವಿಳಾಸವನ್ನು ಇಲ್ಲಿಗೆ ಸ್ಥಳಾಂತರಿಸು","ಎಲ್ಲಾ ಸಂಪರ್ಕವಿಳಾಸಗಳನ್ನು ಇಲ್ಲಿಗೆ ಸ್ಥಳಾಂತರಿಸು",
"Move contact to","ಸಂಪರ್ಕವಿಳಾಸವನ್ನು ಇಲ್ಲಿಗೆ ಸ್ಥಳಾಂತರಿಸು","ಸಂಪರ್ಕವಿಳಾಸವನ್ನು ಇಲ್ಲಿಗೆ ಸ್ಥಳಾಂತರಿಸು",
"Move Folder To...","ಕಡತಕೋಶವನ್ನು ಇಲ್ಲಿಗೆ ಸ್ಥಳಾಂತರಿಸು...","ಕಡತಕೋಶವನ್ನು ಇಲ್ಲಿಗೆ ಸ್ಥಳಾಂತರಿಸು...",
"Move tab to the Left","ಟ್ಯಾಬನ್ನು ಎಡಕ್ಕೆ ಸ್ಥಳಾಂತರಿಸು","ಪುಟವನ್ನು ಎಡಕ್ಕೆ ಸ್ಥಳಾಂತರಿಸು",
"Move tab to the Right","ಟ್ಯಾಬನ್ನು ಬಲಕ್ಕೆ ಸ್ಥಳಾಂತರಿಸು","ಪುಟವನ್ನು ಬಲಕ್ಕೆ ಸ್ಥಳಾಂತರಿಸು",
"Move to Folder","ಕಡತಕೋಶಕ್ಕೆ ಸ್ಥಳಾಂತರಿಸು","ಕಡತಕೋಶಕ್ಕೆ ಸ್ಥಳಾಂತರಿಸು",
"Move to New Window","ಹೊಸ ವಿಂಡೊಗೆ ಸ್ಥಳಾಂತರಿಸು","ಹೊಸ ಕಿಟಕಿಗೆ ಸ್ಥಳಾಂತರಿಸು",
"Move to Trash","ಕಸದ ಬುಟ್ಟಿಗೆ ಸ್ಥಳಾಂತರಿಸು","ಕಸದ ಬುಟ್ಟಿಗೆ ಸ್ಥಳಾಂತರಿಸು",
"Movie and Sound","ಚಲನಚಿತ್ರ ಹಾಗು ಧ್ವನಿ","ಚಲನಚಿತ್ರ ಮತ್ತು ಧ್ವನಿ",
"Multimedia System Selector ","ಬಹುಮಾಧ್ಯಮ ವ್ಯವಸ್ಥೆಯ ಆಯ್ಕೆಗಾರ","ಬಹುಮಾಧ್ಯಮ ವ್ಯವಸ್ಥೆಯ ಆಯ್ಕೆಗಾರ",
"New Instant Message","ಹೊಸ ದಿಡೀರ್ ಸಂದೇಶ","ಹೊಸ ದಿಢೀರ್ ಸಂದೇಶ",
"On This Computer","ಈ ಗಣಕದಲ್ಲಿ","ಈ ಗಣಕದಲ್ಲಿ",
"Open existing presentation","ಈಗಿರುವ ಪ್ರಸ್ತುತಿಯನ್ನು ತೆರೆ","ಈಗಿರುವ ಮಂಡನೆಯನ್ನು ತೆರೆ",
"Open in New Window","ಹೊಸ ವಿಂಡೊದಲ್ಲಿ ತೆರೆ","ಹೊಸ ಕಿಟಕಿಯಲ್ಲಿ ತೆರೆ",
"Open in Terminal","ಟರ್ಮಿನಲ್‌ನಲ್ಲಿ ತೆರೆ","ಆದೇಶತೆರೆಯಲ್ಲಿ ತೆರೆ",
"Page Break Preview","ಪುಟದ ತಡೆಯ ಮುನ್ನೋಟ","ಪುಟ ಮುಕ್ತಾಯದ ಮುನ್ನೋಟ",
"Personal File Sharing","ವೈಯಕ್ತಿಕ ಕಡತ ಹಂಚಿಕೆ","ವೈಯಕ್ತಿಕ ಕಡತ ವಿನಿಮಯ",
"Personal Toolbar Folder","ವೈಯಕ್ತಿಕ ಉಪಕರಣಪಟ್ಟಿ ಕಡತಕೋಶ","ವೈಯಕ್ತಿಕ ಉಪಕರಣಪಟ್ಟಿ ಕಡತಕೋಶ",
"Please enter your user name","ನಿಮ್ಮ ಹೆಸರನ್ನು ಇಲ್ಲಿ ನಮೂದಿಸಿ","ನಿಮ್ಮ ಹೆಸರನ್ನು ಇಲ್ಲಿ ನಮೂದಿಸಿ",
"Position and Size","ಸ್ಥಾನ ಹಾಗು ಗಾತ್ರ","ಸ್ಥಾನ ಮತ್ತು ಗಾತ್ರ",
"Post a Reply","ಒಂದು ಪ್ರತ್ಯುತ್ತರವನ್ನು ಕಳುಹಿಸು","ಉತ್ತರವನ್ನು ಕಳುಹಿಸು",
"Post New Message to Folder","ಹೊಸ ಸಂದೇಶವನ್ನು ಕಡತಕೋಶಕ್ಕೆ ಕಳುಹಿಸು","ಹೊಸ ಸಂದೇಶವನ್ನು ಕಡತಕೋಶಕ್ಕೆ ಕಳುಹಿಸು",
"Publish calender Information","ಕ್ಯಾಲೆಂಡರ್ ಮಾಹಿತಿಯನ್ನು ಕಳುಹಿಸು","ದಿನಸೂಚಿ ಮಾಹಿತಿಯನ್ನು ಕಳುಹಿಸು",
"Removable Drives and Media","ತೆಗೆದುಹಾಕಬಹುದಾದ ಡ್ರೈವುಗಳು ಹಾಗು ಮಾಧ್ಯಮ","ತೆಗೆಯಬಲ್ಲ ಡ್ರೈವುಗಳು ಹಾಗು ಮಾಧ್ಯಮಗಳು",
"Remove From Panel","ಪ್ಯಾನೆಲ್ಲಿನಿಂದ ತೆಗೆದುಹಾಕು","ಪಟ್ಟಿಯಿಂದ ತೆಗೆದುಹಾಕು",
"Reply to All","ಎಲ್ಲರಿಗೂ ಪ್ರತ್ಯುತ್ತರಿಸು","ಎಲ್ಲರಿಗೂ ಉತ್ತರಿಸು",
"Reply to List","ಲಿಸ್ಟಿಗೆ ಪ್ರತ್ಯುತ್ತರಿಸು","ಪಟ್ಟಿಯಲ್ಲಿರುವವರಿಗೆ ಉತ್ತರಿಸು",
"Reply to Sender","ಕಳುಹಿಸಿದವರಿಗೆ ಪ್ರತ್ಯುತ್ತರಿಸು","ಕಳುಹಿಸಿದವರಿಗೆ ಉತ್ತರಿಸು",
"Report broken Web Site","ಜಾಲತಾಣ ಕೆಲಸ ಮಾಡುತ್ತಿಲ್ಲ ಎಂದು ವರದಿ ಮಾಡು","ಜಾಲತಾಣ ತೆರೆಯುತ್ತಿಲ್ಲ ಎಂದು ವರದಿ ಮಾಡು",
"Reset and Clear","ಮರುಹೊಂದಿಸು ಹಾಗು ತೆರವುಗೊಳಿಸು","ಮರುಹೊಂದಿಸು ಮತ್ತು ಅಳಿಸು",
"Reset View to Defaults","ನೋಟವನ್ನು ಪೂರ್ವನಿಯೋಜಿತಗಳಿಗೆ ಮರುಹೊಂದಿಸು","ನೋಟವನ್ನು ಪೂರ್ವನಿಯೋಜನೆಯಂತೆ ಮರುಹೊಂದಿಸು",
"Restore Icon's Original Size","ಚಿಹ್ನೆಯ ಮೂಲ ಗಾತ್ರವನ್ನು ಮರುಸ್ಥಾಪಿಸು","ಲಾಂಛನದ ಮೂಲ ಗಾತ್ರವನ್ನು ಮರುಸ್ಥಾಪಿಸು",
"Rhythmbox Music Player","Rhythmbox ಸಂಗೀತ ಚಾಲಕ","ರಿದಮ್‌ಬಾಕ್ಸ್‍ ಸಂಗೀತ ಚಾಲಕ",
"Save Frame As","ಚೌಕಟ್ಟನ್ನು ಹೀಗೆ ಉಳಿಸು","ಚೌಕಟ್ಟನ್ನು ಹೀಗೆ ಉಳಿಸು",
"Save Message","ಸಂದೇಶವನ್ನು ಹೀಗೆ ಉಳಿಸು","ಸಂದೇಶವನ್ನು ಉಳಿಸು",
"Save Page As","ಪುಟವನ್ನು ಹೀಗೆ ಉಳಿಸು","ಪುಟವನ್ನು ಹೀಗೆ ಉಳಿಸು",
"SCIM Input Method Setup","SCIM ಇನ್‌ಪುಟ್ ವಿಧಾನದ ಸಿದ್ಧತೆ","ಎಸ್‌ಸಿಐಎಮ್ ಊಡಿಕೆ ವಿಧಾನದ ಸಿದ್ಧತೆ",
"Search for files","ಕಡತಗಳಿಗಾಗಿ ಹುಡುಕು","ಕಡತಗಳಿಗಾಗಿ ಹುಡುಕು",
"Security Level and Firewall","ಸುರಕ್ಷತಾ ಮಟ್ಟ ಹಾಗು ಫೈರ್ವಾಲ್","ಸುರಕ್ಷತಾ ಮಟ್ಟ ಹಾಗು ತಡೆಗೋಡೆ",
"Select All Messages","ಎಲ್ಲಾ ಸಂದೇಶಗಳನ್ನು ಆರಿಸು","ಎಲ್ಲ ಸಂದೇಶಗಳನ್ನು ಆಯ್ಕೆ ಮಾಡು",
"Select All Text","ಎಲ್ಲಾ ಪಠ್ಯವನ್ನು ಆರಿಸು","ಎಲ್ಲ ಪಠ್ಯವನ್ನು ಆಯ್ಕೆ ಮಾಡು",
"Select Message Thread","ಸಂದೇಶದ ಎಳೆಯನ್ನು ಆರಿಸು","ಸಂದೇಶದ ಎಳೆಯನ್ನು ಆಯ್ಕೆ ಮಾಡು",
"Send Message to Contact","ಸಂದೇಶವನ್ನು ಸಂಪರ್ಕವಿಳಾಸಕ್ಕೆ ಕಳುಹಿಸು","ಸಂದೇಶವನ್ನು ಸಂಪರ್ಕವಿಳಾಸಕ್ಕೆ ಕಳುಹಿಸು",
"Set Character Encoding","ಕ್ಯಾರೆಕ್ಟರ್ ಎನ್ಕೋಡಿಂಗನ್ನು ಸೂಚಿಸು","ಅಕ್ಷರ ಸಂಕೇತವ್ಯವಸ್ಥೆಯನ್ನು ಹೊಂದಿಸು",
"Sheet From File","ಕಡತದಿಂದ ಹಾಳೆ","ಕಡತದಿಂದ ಹಾಳೆ",
"Show empty groups","ಖಾಲಿ ಗುಂಪುಗಳನ್ನು ತೋರಿಸು","ಖಾಲಿ ಗುಂಪುಗಳನ್ನು ತೋರಿಸು",
"Show Hidden Files","ಅಡಗಿಸಲಾದ ಕಡತಗಳನ್ನು ತೋರಿಸು","ಅಡಗಿಸಿದ ಕಡತಗಳನ್ನು ತೋರಿಸು",
"Show Hidden Messages","ಅಡಗಿಸಲಾದ ಸಂದೇಶಗಳನ್ನು ತೋರಿಸು","ಅಡಗಿಸಿದ ಸಂದೇಶಗಳನ್ನು ತೋರಿಸು",
"Show Idle Times","ಜಡವಾಗಿದ್ದ ಸಮಯವನ್ನು ತೋರಿಸು","ನಿಷ್ಕ್ರಿಯ ಸಮಯ ತೋರಿಸು",
"Show Offline Buddies","ಆಫ್‌ಲೈನಿನಲ್ಲಿರುವ ಗೆಳೆಯರನ್ನು ತೋರಿಸು","ಜಾಲದಾಚೆಗಿನ ಗೆಳೆಯರನ್ನು ತೋರಿಸು",
"Show/Hide Slide","ಜಾರುಫಲಕವನ್ನು ತೋರಿಸು/ಅಡಗಿಸು","ಜಾರುಫಲಕವನ್ನು ತೋರಿಸು/ಅಡಗಿಸು",
"Slide show settings","ಜಾರುಫಲಕ ಪ್ರದರ್ಶನದ ಸಿದ್ಧತೆಗಳು","ಜಾರುಫಲಕ ಪ್ರದರ್ಶನದ ಸಿದ್ಧತೆಗಳು",
"Smart Card Manager","ಸ್ಮಾರ್ಟ್ ಕಾರ್ಡ್ ವ್ಯವಸ್ಥಾಪಕ","ಸ್ಮಾರ್ಟ್ ಕಾರ್ಡ್ ವ್ಯವಸ್ಥಾಪಕ",
"Sound & Video","ಧ್ವನಿ ಹಾಗು ವೀಡಿಯೊ","ಧ್ವನಿ ಮತ್ತು ವೀಡಿಯೊ",
"Sound Juicer CD Extractor","ಸೌಂಡ್ ಜ್ಯೂಸರ್ CD ಎಕ್ಸ್‍ಟ್ರಾಕ್ಟರ್","ಸೌಂಡ್ ಜ್ಯೂಸರ್ ಸಿ ಡಿ ಎಕ್ಸ್‍ಟ್ರಾಕ್ಟರ್",
"Soundcard Detection","ಸೌಂಡ್‌ಕಾರ್ಡ್ ಪತ್ತೆಮಾಡುವಿಕೆ","ಸೌಂಡ್‌ಕಾರ್ಡ್ ಪತ್ತೆಮಾಡುವಿಕೆ",
"Styles and Formatting","ಶೈಲಿ ಹಾಗು ರೂಪಿಸುವಿಕೆ","ಶೈಲಿ ಮತ್ತು ವಿನ್ಯಾಸ",
"Submit Bug Report","ದೋಷ ವರದಿಯನ್ನು ಸಲ್ಲಿಸಿ","ದೋಷ ವರದಿಯನ್ನು ಸಲ್ಲಿಸು",
"Subscribe to Other User's Folder","ಇತರೆ ಬಳಕೆದಾರರ ಕಡತಕೋಶಕ್ಕೆ ಚಂದಾದಾರನಾಗು","ಇತರ ಬಳಕೆದಾರರ ಕಡತಕೋಶಕ್ಕೆ ಚಂದಾದಾರನಾಗು",
"Terminal Server Client","ಟರ್ಮಿನಲ್ ಪರಿಚಾರಕ ಕ್ಲೈಂಟ್","ಆದೇಶತೆರೆ ಪೂರೈಕೆಗಣಕದ ಕಕ್ಷಿ",
"Users and Groups","ಬಳಕೆದಾರರು ಹಾಗು ಗುಂಪುಗಳು","ಬಳಕೆದಾರರು ಮತ್ತು ಗುಂಪುಗಳು",
"View as Icons","ಚಿಹ್ನೆಗಳಾಗಿ ನೋಡು","ಲಾಂಛನಗಳಾಗಿ ನೋಡು",
"View as List","ಪಟ್ಟಿಯಾಗಿ ನೋಡು","ಪಟ್ಟಿಯಾಗಿ ನೋಡು",
"View User Log","ಬಳಕೆದಾರ ದಾಖಲೆಯಾಗಿ ನೋಡು","ಬಳಕೆದಾರರ ದಿನಚರಿ ನೋಡು",
"With Due Date","ಅಂತಿಮ ದಿನಾಂಕದೊಂದಿಗೆ","ಕೊನೆಯ ದಿನಾಂಕದೊಂದಿಗೆ",
"Work Week View","ಕೆಲಸದ ವಾರದ ನೋಟ","ಕೆಲಸದ ವಾರದ ನೋಟ",
"XML Filter Settings","XML ಫಿಲ್ಟರ್ ಸಿದ್ಧತೆಗಳು","ಎಕ್ಸ್ಎಮ್ಎಲ್‌ ಸೋಸುಕ ಸಿದ್ಧತೆಗಳು",
"Shhare", "ಹಂಚಿಕೊಳ್ಳಿ",""
